"TIME","GEO","UNIT","PRODUCT","INDIC_NRG","Value","Flag and Footnotes"
"2005","Belgium","Gigawatt-hour","Electrical energy","Gross electricity generation Main activity electricity only - Solar Photovoltaic","0",""
"2006","Belgium","Gigawatt-hour","Electrical energy","Gross electricity generation Main activity electricity only - Solar Photovoltaic","0",""
"2007","Belgium","Gigawatt-hour","Electrical energy","Gross electricity generation Main activity electricity only - Solar Photovoltaic","0",""
"2008","Belgium","Gigawatt-hour","Electrical energy","Gross electricity generation Main activity electricity only - Solar Photovoltaic","8",""
"2009","Belgium","Gigawatt-hour","Electrical energy","Gross electricity generation Main activity electricity only - Solar Photovoltaic","8",""
"2010","Belgium","Gigawatt-hour","Electrical energy","Gross electricity generation Main activity electricity only - Solar Photovoltaic","4",""
"2011","Belgium","Gigawatt-hour","Electrical energy","Gross electricity generation Main activity electricity only - Solar Photovoltaic","4",""
"2012","Belgium","Gigawatt-hour","Electrical energy","Gross electricity generation Main activity electricity only - Solar Photovoltaic","4",""
"2013","Belgium","Gigawatt-hour","Electrical energy","Gross electricity generation Main activity electricity only - Solar Photovoltaic","4",""
"2014","Belgium","Gigawatt-hour","Electrical energy","Gross electricity generation Main activity electricity only - Solar Photovoltaic","4",""
"2005","Bulgaria","Gigawatt-hour","Electrical energy","Gross electricity generation Main activity electricity only - Solar Photovoltaic","0",""
"2006","Bulgaria","Gigawatt-hour","Electrical energy","Gross electricity generation Main activity electricity only - Solar Photovoltaic","0",""
"2007","Bulgaria","Gigawatt-hour","Electrical energy","Gross electricity generation Main activity electricity only - Solar Photovoltaic","0",""
"2008","Bulgaria","Gigawatt-hour","Electrical energy","Gross electricity generation Main activity electricity only - Solar Photovoltaic","0",""
"2009","Bulgaria","Gigawatt-hour","Electrical energy","Gross electricity generation Main activity electricity only - Solar Photovoltaic","3",""
"2010","Bulgaria","Gigawatt-hour","Electrical energy","Gross electricity generation Main activity electricity only - Solar Photovoltaic","15",""
"2011","Bulgaria","Gigawatt-hour","Electrical energy","Gross electricity generation Main activity electricity only - Solar Photovoltaic","101",""
"2012","Bulgaria","Gigawatt-hour","Electrical energy","Gross electricity generation Main activity electricity only - Solar Photovoltaic","814",""
"2013","Bulgaria","Gigawatt-hour","Electrical energy","Gross electricity generation Main activity electricity only - Solar Photovoltaic","1,361",""
"2014","Bulgaria","Gigawatt-hour","Electrical energy","Gross electricity generation Main activity electricity only - Solar Photovoltaic","1,252",""
"2005","Czech Republic","Gigawatt-hour","Electrical energy","Gross electricity generation Main activity electricity only - Solar Photovoltaic","0",""
"2006","Czech Republic","Gigawatt-hour","Electrical energy","Gross electricity generation Main activity electricity only - Solar Photovoltaic","1",""
"2007","Czech Republic","Gigawatt-hour","Electrical energy","Gross electricity generation Main activity electricity only - Solar Photovoltaic","2",""
"2008","Czech Republic","Gigawatt-hour","Electrical energy","Gross electricity generation Main activity electricity only - Solar Photovoltaic","13",""
"2009","Czech Republic","Gigawatt-hour","Electrical energy","Gross electricity generation Main activity electricity only - Solar Photovoltaic","89",""
"2010","Czech Republic","Gigawatt-hour","Electrical energy","Gross electricity generation Main activity electricity only - Solar Photovoltaic","616",""
"2011","Czech Republic","Gigawatt-hour","Electrical energy","Gross electricity generation Main activity electricity only - Solar Photovoltaic","2,182",""
"2012","Czech Republic","Gigawatt-hour","Electrical energy","Gross electricity generation Main activity electricity only - Solar Photovoltaic","2,149",""
"2013","Czech Republic","Gigawatt-hour","Electrical energy","Gross electricity generation Main activity electricity only - Solar Photovoltaic","2,033",""
"2014","Czech Republic","Gigawatt-hour","Electrical energy","Gross electricity generation Main activity electricity only - Solar Photovoltaic","2,123",""
"2005","Denmark","Gigawatt-hour","Electrical energy","Gross electricity generation Main activity electricity only - Solar Photovoltaic","0",""
"2006","Denmark","Gigawatt-hour","Electrical energy","Gross electricity generation Main activity electricity only - Solar Photovoltaic","0",""
"2007","Denmark","Gigawatt-hour","Electrical energy","Gross electricity generation Main activity electricity only - Solar Photovoltaic","0",""
"2008","Denmark","Gigawatt-hour","Electrical energy","Gross electricity generation Main activity electricity only - Solar Photovoltaic","0",""
"2009","Denmark","Gigawatt-hour","Electrical energy","Gross electricity generation Main activity electricity only - Solar Photovoltaic","0",""
"2010","Denmark","Gigawatt-hour","Electrical energy","Gross electricity generation Main activity electricity only - Solar Photovoltaic","0",""
"2011","Denmark","Gigawatt-hour","Electrical energy","Gross electricity generation Main activity electricity only - Solar Photovoltaic","0",""
"2012","Denmark","Gigawatt-hour","Electrical energy","Gross electricity generation Main activity electricity only - Solar Photovoltaic","0",""
"2013","Denmark","Gigawatt-hour","Electrical energy","Gross electricity generation Main activity electricity only - Solar Photovoltaic","0",""
"2014","Denmark","Gigawatt-hour","Electrical energy","Gross electricity generation Main activity electricity only - Solar Photovoltaic","0",""
"2005","Germany (until 1990 former territory of the FRG)","Gigawatt-hour","Electrical energy","Gross electricity generation Main activity electricity only - Solar Photovoltaic","1,282",""
"2006","Germany (until 1990 former territory of the FRG)","Gigawatt-hour","Electrical energy","Gross electricity generation Main activity electricity only - Solar Photovoltaic","2,216",""
"2007","Germany (until 1990 former territory of the FRG)","Gigawatt-hour","Electrical energy","Gross electricity generation Main activity electricity only - Solar Photovoltaic","3,070",""
"2008","Germany (until 1990 former territory of the FRG)","Gigawatt-hour","Electrical energy","Gross electricity generation Main activity electricity only - Solar Photovoltaic","4,414",""
"2009","Germany (until 1990 former territory of the FRG)","Gigawatt-hour","Electrical energy","Gross electricity generation Main activity electricity only - Solar Photovoltaic","6,576",""
"2010","Germany (until 1990 former territory of the FRG)","Gigawatt-hour","Electrical energy","Gross electricity generation Main activity electricity only - Solar Photovoltaic","11,722",""
"2011","Germany (until 1990 former territory of the FRG)","Gigawatt-hour","Electrical energy","Gross electricity generation Main activity electricity only - Solar Photovoltaic","19,599",""
"2012","Germany (until 1990 former territory of the FRG)","Gigawatt-hour","Electrical energy","Gross electricity generation Main activity electricity only - Solar Photovoltaic","26,380",""
"2013","Germany (until 1990 former territory of the FRG)","Gigawatt-hour","Electrical energy","Gross electricity generation Main activity electricity only - Solar Photovoltaic","31,010",""
"2014","Germany (until 1990 former territory of the FRG)","Gigawatt-hour","Electrical energy","Gross electricity generation Main activity electricity only - Solar Photovoltaic","36,056",""
"2005","Estonia","Gigawatt-hour","Electrical energy","Gross electricity generation Main activity electricity only - Solar Photovoltaic","0",""
"2006","Estonia","Gigawatt-hour","Electrical energy","Gross electricity generation Main activity electricity only - Solar Photovoltaic","0",""
"2007","Estonia","Gigawatt-hour","Electrical energy","Gross electricity generation Main activity electricity only - Solar Photovoltaic","0",""
"2008","Estonia","Gigawatt-hour","Electrical energy","Gross electricity generation Main activity electricity only - Solar Photovoltaic","0",""
"2009","Estonia","Gigawatt-hour","Electrical energy","Gross electricity generation Main activity electricity only - Solar Photovoltaic","0",""
"2010","Estonia","Gigawatt-hour","Electrical energy","Gross electricity generation Main activity electricity only - Solar Photovoltaic","0",""
"2011","Estonia","Gigawatt-hour","Electrical energy","Gross electricity generation Main activity electricity only - Solar Photovoltaic","0",""
"2012","Estonia","Gigawatt-hour","Electrical energy","Gross electricity generation Main activity electricity only - Solar Photovoltaic","0",""
"2013","Estonia","Gigawatt-hour","Electrical energy","Gross electricity generation Main activity electricity only - Solar Photovoltaic","0",""
"2014","Estonia","Gigawatt-hour","Electrical energy","Gross electricity generation Main activity electricity only - Solar Photovoltaic","0",""
"2005","Ireland","Gigawatt-hour","Electrical energy","Gross electricity generation Main activity electricity only - Solar Photovoltaic","0",""
"2006","Ireland","Gigawatt-hour","Electrical energy","Gross electricity generation Main activity electricity only - Solar Photovoltaic","0",""
"2007","Ireland","Gigawatt-hour","Electrical energy","Gross electricity generation Main activity electricity only - Solar Photovoltaic","0",""
"2008","Ireland","Gigawatt-hour","Electrical energy","Gross electricity generation Main activity electricity only - Solar Photovoltaic","0",""
"2009","Ireland","Gigawatt-hour","Electrical energy","Gross electricity generation Main activity electricity only - Solar Photovoltaic","0",""
"2010","Ireland","Gigawatt-hour","Electrical energy","Gross electricity generation Main activity electricity only - Solar Photovoltaic","0",""
"2011","Ireland","Gigawatt-hour","Electrical energy","Gross electricity generation Main activity electricity only - Solar Photovoltaic","0",""
"2012","Ireland","Gigawatt-hour","Electrical energy","Gross electricity generation Main activity electricity only - Solar Photovoltaic","0",""
"2013","Ireland","Gigawatt-hour","Electrical energy","Gross electricity generation Main activity electricity only - Solar Photovoltaic","0",""
"2014","Ireland","Gigawatt-hour","Electrical energy","Gross electricity generation Main activity electricity only - Solar Photovoltaic","0",""
"2005","Greece","Gigawatt-hour","Electrical energy","Gross electricity generation Main activity electricity only - Solar Photovoltaic","1",""
"2006","Greece","Gigawatt-hour","Electrical energy","Gross electricity generation Main activity electricity only - Solar Photovoltaic","1",""
"2007","Greece","Gigawatt-hour","Electrical energy","Gross electricity generation Main activity electricity only - Solar Photovoltaic","1",""
"2008","Greece","Gigawatt-hour","Electrical energy","Gross electricity generation Main activity electricity only - Solar Photovoltaic","5",""
"2009","Greece","Gigawatt-hour","Electrical energy","Gross electricity generation Main activity electricity only - Solar Photovoltaic","50",""
"2010","Greece","Gigawatt-hour","Electrical energy","Gross electricity generation Main activity electricity only - Solar Photovoltaic","158",""
"2011","Greece","Gigawatt-hour","Electrical energy","Gross electricity generation Main activity electricity only - Solar Photovoltaic","610",""
"2012","Greece","Gigawatt-hour","Electrical energy","Gross electricity generation Main activity electricity only - Solar Photovoltaic","1,694",""
"2013","Greece","Gigawatt-hour","Electrical energy","Gross electricity generation Main activity electricity only - Solar Photovoltaic","3,648",""
"2014","Greece","Gigawatt-hour","Electrical energy","Gross electricity generation Main activity electricity only - Solar Photovoltaic","3,792",""
"2005","Spain","Gigawatt-hour","Electrical energy","Gross electricity generation Main activity electricity only - Solar Photovoltaic","31",""
"2006","Spain","Gigawatt-hour","Electrical energy","Gross electricity generation Main activity electricity only - Solar Photovoltaic","107",""
"2007","Spain","Gigawatt-hour","Electrical energy","Gross electricity generation Main activity electricity only - Solar Photovoltaic","488",""
"2008","Spain","Gigawatt-hour","Electrical energy","Gross electricity generation Main activity electricity only - Solar Photovoltaic","2,541",""
"2009","Spain","Gigawatt-hour","Electrical energy","Gross electricity generation Main activity electricity only - Solar Photovoltaic","5,939",""
"2010","Spain","Gigawatt-hour","Electrical energy","Gross electricity generation Main activity electricity only - Solar Photovoltaic","6,400",""
"2011","Spain","Gigawatt-hour","Electrical energy","Gross electricity generation Main activity electricity only - Solar Photovoltaic","7,415",""
"2012","Spain","Gigawatt-hour","Electrical energy","Gross electricity generation Main activity electricity only - Solar Photovoltaic","8,166",""
"2013","Spain","Gigawatt-hour","Electrical energy","Gross electricity generation Main activity electricity only - Solar Photovoltaic","8,299",""
"2014","Spain","Gigawatt-hour","Electrical energy","Gross electricity generation Main activity electricity only - Solar Photovoltaic","8,190",""
"2005","France","Gigawatt-hour","Electrical energy","Gross electricity generation Main activity electricity only - Solar Photovoltaic","0",""
"2006","France","Gigawatt-hour","Electrical energy","Gross electricity generation Main activity electricity only - Solar Photovoltaic","0",""
"2007","France","Gigawatt-hour","Electrical energy","Gross electricity generation Main activity electricity only - Solar Photovoltaic","0",""
"2008","France","Gigawatt-hour","Electrical energy","Gross electricity generation Main activity electricity only - Solar Photovoltaic","6",""
"2009","France","Gigawatt-hour","Electrical energy","Gross electricity generation Main activity electricity only - Solar Photovoltaic","13",""
"2010","France","Gigawatt-hour","Electrical energy","Gross electricity generation Main activity electricity only - Solar Photovoltaic","104",""
"2011","France","Gigawatt-hour","Electrical energy","Gross electricity generation Main activity electricity only - Solar Photovoltaic","521",""
"2012","France","Gigawatt-hour","Electrical energy","Gross electricity generation Main activity electricity only - Solar Photovoltaic","1,487",""
"2013","France","Gigawatt-hour","Electrical energy","Gross electricity generation Main activity electricity only - Solar Photovoltaic","1,821",""
"2014","France","Gigawatt-hour","Electrical energy","Gross electricity generation Main activity electricity only - Solar Photovoltaic","2,556",""
"2005","Croatia","Gigawatt-hour","Electrical energy","Gross electricity generation Main activity electricity only - Solar Photovoltaic","0",""
"2006","Croatia","Gigawatt-hour","Electrical energy","Gross electricity generation Main activity electricity only - Solar Photovoltaic","0",""
"2007","Croatia","Gigawatt-hour","Electrical energy","Gross electricity generation Main activity electricity only - Solar Photovoltaic","0",""
"2008","Croatia","Gigawatt-hour","Electrical energy","Gross electricity generation Main activity electricity only - Solar Photovoltaic","0",""
"2009","Croatia","Gigawatt-hour","Electrical energy","Gross electricity generation Main activity electricity only - Solar Photovoltaic","0",""
"2010","Croatia","Gigawatt-hour","Electrical energy","Gross electricity generation Main activity electricity only - Solar Photovoltaic","0",""
"2011","Croatia","Gigawatt-hour","Electrical energy","Gross electricity generation Main activity electricity only - Solar Photovoltaic","0",""
"2012","Croatia","Gigawatt-hour","Electrical energy","Gross electricity generation Main activity electricity only - Solar Photovoltaic","2",""
"2013","Croatia","Gigawatt-hour","Electrical energy","Gross electricity generation Main activity electricity only - Solar Photovoltaic","11",""
"2014","Croatia","Gigawatt-hour","Electrical energy","Gross electricity generation Main activity electricity only - Solar Photovoltaic","35",""
"2005","Italy","Gigawatt-hour","Electrical energy","Gross electricity generation Main activity electricity only - Solar Photovoltaic","31",""
"2006","Italy","Gigawatt-hour","Electrical energy","Gross electricity generation Main activity electricity only - Solar Photovoltaic","35",""
"2007","Italy","Gigawatt-hour","Electrical energy","Gross electricity generation Main activity electricity only - Solar Photovoltaic","38",""
"2008","Italy","Gigawatt-hour","Electrical energy","Gross electricity generation Main activity electricity only - Solar Photovoltaic","192",""
"2009","Italy","Gigawatt-hour","Electrical energy","Gross electricity generation Main activity electricity only - Solar Photovoltaic","676",""
"2010","Italy","Gigawatt-hour","Electrical energy","Gross electricity generation Main activity electricity only - Solar Photovoltaic","1,906",""
"2011","Italy","Gigawatt-hour","Electrical energy","Gross electricity generation Main activity electricity only - Solar Photovoltaic","10,796",""
"2012","Italy","Gigawatt-hour","Electrical energy","Gross electricity generation Main activity electricity only - Solar Photovoltaic","18,862",""
"2013","Italy","Gigawatt-hour","Electrical energy","Gross electricity generation Main activity electricity only - Solar Photovoltaic","21,589",""
"2014","Italy","Gigawatt-hour","Electrical energy","Gross electricity generation Main activity electricity only - Solar Photovoltaic","22,306",""
"2005","Cyprus","Gigawatt-hour","Electrical energy","Gross electricity generation Main activity electricity only - Solar Photovoltaic","0",""
"2006","Cyprus","Gigawatt-hour","Electrical energy","Gross electricity generation Main activity electricity only - Solar Photovoltaic","0",""
"2007","Cyprus","Gigawatt-hour","Electrical energy","Gross electricity generation Main activity electricity only - Solar Photovoltaic","1",""
"2008","Cyprus","Gigawatt-hour","Electrical energy","Gross electricity generation Main activity electricity only - Solar Photovoltaic","2",""
"2009","Cyprus","Gigawatt-hour","Electrical energy","Gross electricity generation Main activity electricity only - Solar Photovoltaic","3",""
"2010","Cyprus","Gigawatt-hour","Electrical energy","Gross electricity generation Main activity electricity only - Solar Photovoltaic","5",""
"2011","Cyprus","Gigawatt-hour","Electrical energy","Gross electricity generation Main activity electricity only - Solar Photovoltaic","10",""
"2012","Cyprus","Gigawatt-hour","Electrical energy","Gross electricity generation Main activity electricity only - Solar Photovoltaic","20",""
"2013","Cyprus","Gigawatt-hour","Electrical energy","Gross electricity generation Main activity electricity only - Solar Photovoltaic","45",""
"2014","Cyprus","Gigawatt-hour","Electrical energy","Gross electricity generation Main activity electricity only - Solar Photovoltaic","64",""
"2005","Latvia","Gigawatt-hour","Electrical energy","Gross electricity generation Main activity electricity only - Solar Photovoltaic","0",""
"2006","Latvia","Gigawatt-hour","Electrical energy","Gross electricity generation Main activity electricity only - Solar Photovoltaic","0",""
"2007","Latvia","Gigawatt-hour","Electrical energy","Gross electricity generation Main activity electricity only - Solar Photovoltaic","0",""
"2008","Latvia","Gigawatt-hour","Electrical energy","Gross electricity generation Main activity electricity only - Solar Photovoltaic","0",""
"2009","Latvia","Gigawatt-hour","Electrical energy","Gross electricity generation Main activity electricity only - Solar Photovoltaic","0",""
"2010","Latvia","Gigawatt-hour","Electrical energy","Gross electricity generation Main activity electricity only - Solar Photovoltaic","0",""
"2011","Latvia","Gigawatt-hour","Electrical energy","Gross electricity generation Main activity electricity only - Solar Photovoltaic","0",""
"2012","Latvia","Gigawatt-hour","Electrical energy","Gross electricity generation Main activity electricity only - Solar Photovoltaic","0",""
"2013","Latvia","Gigawatt-hour","Electrical energy","Gross electricity generation Main activity electricity only - Solar Photovoltaic","0",""
"2014","Latvia","Gigawatt-hour","Electrical energy","Gross electricity generation Main activity electricity only - Solar Photovoltaic","0",""
"2005","Lithuania","Gigawatt-hour","Electrical energy","Gross electricity generation Main activity electricity only - Solar Photovoltaic","0",""
"2006","Lithuania","Gigawatt-hour","Electrical energy","Gross electricity generation Main activity electricity only - Solar Photovoltaic","0",""
"2007","Lithuania","Gigawatt-hour","Electrical energy","Gross electricity generation Main activity electricity only - Solar Photovoltaic","0",""
"2008","Lithuania","Gigawatt-hour","Electrical energy","Gross electricity generation Main activity electricity only - Solar Photovoltaic","0",""
"2009","Lithuania","Gigawatt-hour","Electrical energy","Gross electricity generation Main activity electricity only - Solar Photovoltaic","0",""
"2010","Lithuania","Gigawatt-hour","Electrical energy","Gross electricity generation Main activity electricity only - Solar Photovoltaic","0",""
"2011","Lithuania","Gigawatt-hour","Electrical energy","Gross electricity generation Main activity electricity only - Solar Photovoltaic","0",""
"2012","Lithuania","Gigawatt-hour","Electrical energy","Gross electricity generation Main activity electricity only - Solar Photovoltaic","2",""
"2013","Lithuania","Gigawatt-hour","Electrical energy","Gross electricity generation Main activity electricity only - Solar Photovoltaic","45",""
"2014","Lithuania","Gigawatt-hour","Electrical energy","Gross electricity generation Main activity electricity only - Solar Photovoltaic","73",""
"2005","Luxembourg","Gigawatt-hour","Electrical energy","Gross electricity generation Main activity electricity only - Solar Photovoltaic","0",""
"2006","Luxembourg","Gigawatt-hour","Electrical energy","Gross electricity generation Main activity electricity only - Solar Photovoltaic","0",""
"2007","Luxembourg","Gigawatt-hour","Electrical energy","Gross electricity generation Main activity electricity only - Solar Photovoltaic","0",""
"2008","Luxembourg","Gigawatt-hour","Electrical energy","Gross electricity generation Main activity electricity only - Solar Photovoltaic","0",""
"2009","Luxembourg","Gigawatt-hour","Electrical energy","Gross electricity generation Main activity electricity only - Solar Photovoltaic","0",""
"2010","Luxembourg","Gigawatt-hour","Electrical energy","Gross electricity generation Main activity electricity only - Solar Photovoltaic","0",""
"2011","Luxembourg","Gigawatt-hour","Electrical energy","Gross electricity generation Main activity electricity only - Solar Photovoltaic","0",""
"2012","Luxembourg","Gigawatt-hour","Electrical energy","Gross electricity generation Main activity electricity only - Solar Photovoltaic","0",""
"2013","Luxembourg","Gigawatt-hour","Electrical energy","Gross electricity generation Main activity electricity only - Solar Photovoltaic","0",""
"2014","Luxembourg","Gigawatt-hour","Electrical energy","Gross electricity generation Main activity electricity only - Solar Photovoltaic","0",""
"2005","Hungary","Gigawatt-hour","Electrical energy","Gross electricity generation Main activity electricity only - Solar Photovoltaic","0",""
"2006","Hungary","Gigawatt-hour","Electrical energy","Gross electricity generation Main activity electricity only - Solar Photovoltaic","0",""
"2007","Hungary","Gigawatt-hour","Electrical energy","Gross electricity generation Main activity electricity only - Solar Photovoltaic","0",""
"2008","Hungary","Gigawatt-hour","Electrical energy","Gross electricity generation Main activity electricity only - Solar Photovoltaic","0",""
"2009","Hungary","Gigawatt-hour","Electrical energy","Gross electricity generation Main activity electricity only - Solar Photovoltaic","0",""
"2010","Hungary","Gigawatt-hour","Electrical energy","Gross electricity generation Main activity electricity only - Solar Photovoltaic","0",""
"2011","Hungary","Gigawatt-hour","Electrical energy","Gross electricity generation Main activity electricity only - Solar Photovoltaic","0",""
"2012","Hungary","Gigawatt-hour","Electrical energy","Gross electricity generation Main activity electricity only - Solar Photovoltaic","0",""
"2013","Hungary","Gigawatt-hour","Electrical energy","Gross electricity generation Main activity electricity only - Solar Photovoltaic","0",""
"2014","Hungary","Gigawatt-hour","Electrical energy","Gross electricity generation Main activity electricity only - Solar Photovoltaic",":",""
"2005","Malta","Gigawatt-hour","Electrical energy","Gross electricity generation Main activity electricity only - Solar Photovoltaic","0",""
"2006","Malta","Gigawatt-hour","Electrical energy","Gross electricity generation Main activity electricity only - Solar Photovoltaic","0",""
"2007","Malta","Gigawatt-hour","Electrical energy","Gross electricity generation Main activity electricity only - Solar Photovoltaic","0",""
"2008","Malta","Gigawatt-hour","Electrical energy","Gross electricity generation Main activity electricity only - Solar Photovoltaic","0",""
"2009","Malta","Gigawatt-hour","Electrical energy","Gross electricity generation Main activity electricity only - Solar Photovoltaic","0",""
"2010","Malta","Gigawatt-hour","Electrical energy","Gross electricity generation Main activity electricity only - Solar Photovoltaic","0",""
"2011","Malta","Gigawatt-hour","Electrical energy","Gross electricity generation Main activity electricity only - Solar Photovoltaic","0",""
"2012","Malta","Gigawatt-hour","Electrical energy","Gross electricity generation Main activity electricity only - Solar Photovoltaic","0",""
"2013","Malta","Gigawatt-hour","Electrical energy","Gross electricity generation Main activity electricity only - Solar Photovoltaic","0",""
"2014","Malta","Gigawatt-hour","Electrical energy","Gross electricity generation Main activity electricity only - Solar Photovoltaic","0",""
"2005","Netherlands","Gigawatt-hour","Electrical energy","Gross electricity generation Main activity electricity only - Solar Photovoltaic","2",""
"2006","Netherlands","Gigawatt-hour","Electrical energy","Gross electricity generation Main activity electricity only - Solar Photovoltaic","2",""
"2007","Netherlands","Gigawatt-hour","Electrical energy","Gross electricity generation Main activity electricity only - Solar Photovoltaic","2",""
"2008","Netherlands","Gigawatt-hour","Electrical energy","Gross electricity generation Main activity electricity only - Solar Photovoltaic","2",""
"2009","Netherlands","Gigawatt-hour","Electrical energy","Gross electricity generation Main activity electricity only - Solar Photovoltaic","3",""
"2010","Netherlands","Gigawatt-hour","Electrical energy","Gross electricity generation Main activity electricity only - Solar Photovoltaic","3",""
"2011","Netherlands","Gigawatt-hour","Electrical energy","Gross electricity generation Main activity electricity only - Solar Photovoltaic","7",""
"2012","Netherlands","Gigawatt-hour","Electrical energy","Gross electricity generation Main activity electricity only - Solar Photovoltaic","11",""
"2013","Netherlands","Gigawatt-hour","Electrical energy","Gross electricity generation Main activity electricity only - Solar Photovoltaic","13",""
"2014","Netherlands","Gigawatt-hour","Electrical energy","Gross electricity generation Main activity electricity only - Solar Photovoltaic","18",""
"2005","Austria","Gigawatt-hour","Electrical energy","Gross electricity generation Main activity electricity only - Solar Photovoltaic","21",""
"2006","Austria","Gigawatt-hour","Electrical energy","Gross electricity generation Main activity electricity only - Solar Photovoltaic","22",""
"2007","Austria","Gigawatt-hour","Electrical energy","Gross electricity generation Main activity electricity only - Solar Photovoltaic","24",""
"2008","Austria","Gigawatt-hour","Electrical energy","Gross electricity generation Main activity electricity only - Solar Photovoltaic","30",""
"2009","Austria","Gigawatt-hour","Electrical energy","Gross electricity generation Main activity electricity only - Solar Photovoltaic","49",""
"2010","Austria","Gigawatt-hour","Electrical energy","Gross electricity generation Main activity electricity only - Solar Photovoltaic","89",""
"2011","Austria","Gigawatt-hour","Electrical energy","Gross electricity generation Main activity electricity only - Solar Photovoltaic","174",""
"2012","Austria","Gigawatt-hour","Electrical energy","Gross electricity generation Main activity electricity only - Solar Photovoltaic","337",""
"2013","Austria","Gigawatt-hour","Electrical energy","Gross electricity generation Main activity electricity only - Solar Photovoltaic","582",""
"2014","Austria","Gigawatt-hour","Electrical energy","Gross electricity generation Main activity electricity only - Solar Photovoltaic","785",""
"2005","Poland","Gigawatt-hour","Electrical energy","Gross electricity generation Main activity electricity only - Solar Photovoltaic","0",""
"2006","Poland","Gigawatt-hour","Electrical energy","Gross electricity generation Main activity electricity only - Solar Photovoltaic","0",""
"2007","Poland","Gigawatt-hour","Electrical energy","Gross electricity generation Main activity electricity only - Solar Photovoltaic","0",""
"2008","Poland","Gigawatt-hour","Electrical energy","Gross electricity generation Main activity electricity only - Solar Photovoltaic","0",""
"2009","Poland","Gigawatt-hour","Electrical energy","Gross electricity generation Main activity electricity only - Solar Photovoltaic","0",""
"2010","Poland","Gigawatt-hour","Electrical energy","Gross electricity generation Main activity electricity only - Solar Photovoltaic","0",""
"2011","Poland","Gigawatt-hour","Electrical energy","Gross electricity generation Main activity electricity only - Solar Photovoltaic","0",""
"2012","Poland","Gigawatt-hour","Electrical energy","Gross electricity generation Main activity electricity only - Solar Photovoltaic","0",""
"2013","Poland","Gigawatt-hour","Electrical energy","Gross electricity generation Main activity electricity only - Solar Photovoltaic","0",""
"2014","Poland","Gigawatt-hour","Electrical energy","Gross electricity generation Main activity electricity only - Solar Photovoltaic","0",""
"2005","Portugal","Gigawatt-hour","Electrical energy","Gross electricity generation Main activity electricity only - Solar Photovoltaic","3",""
"2006","Portugal","Gigawatt-hour","Electrical energy","Gross electricity generation Main activity electricity only - Solar Photovoltaic","5",""
"2007","Portugal","Gigawatt-hour","Electrical energy","Gross electricity generation Main activity electricity only - Solar Photovoltaic","24",""
"2008","Portugal","Gigawatt-hour","Electrical energy","Gross electricity generation Main activity electricity only - Solar Photovoltaic","38",""
"2009","Portugal","Gigawatt-hour","Electrical energy","Gross electricity generation Main activity electricity only - Solar Photovoltaic","160",""
"2010","Portugal","Gigawatt-hour","Electrical energy","Gross electricity generation Main activity electricity only - Solar Photovoltaic","211",""
"2011","Portugal","Gigawatt-hour","Electrical energy","Gross electricity generation Main activity electricity only - Solar Photovoltaic","202",""
"2012","Portugal","Gigawatt-hour","Electrical energy","Gross electricity generation Main activity electricity only - Solar Photovoltaic","248",""
"2013","Portugal","Gigawatt-hour","Electrical energy","Gross electricity generation Main activity electricity only - Solar Photovoltaic","273",""
"2014","Portugal","Gigawatt-hour","Electrical energy","Gross electricity generation Main activity electricity only - Solar Photovoltaic","339",""
"2005","Romania","Gigawatt-hour","Electrical energy","Gross electricity generation Main activity electricity only - Solar Photovoltaic","0",""
"2006","Romania","Gigawatt-hour","Electrical energy","Gross electricity generation Main activity electricity only - Solar Photovoltaic","0",""
"2007","Romania","Gigawatt-hour","Electrical energy","Gross electricity generation Main activity electricity only - Solar Photovoltaic","0",""
"2008","Romania","Gigawatt-hour","Electrical energy","Gross electricity generation Main activity electricity only - Solar Photovoltaic","0",""
"2009","Romania","Gigawatt-hour","Electrical energy","Gross electricity generation Main activity electricity only - Solar Photovoltaic","0",""
"2010","Romania","Gigawatt-hour","Electrical energy","Gross electricity generation Main activity electricity only - Solar Photovoltaic","0",""
"2011","Romania","Gigawatt-hour","Electrical energy","Gross electricity generation Main activity electricity only - Solar Photovoltaic","1",""
"2012","Romania","Gigawatt-hour","Electrical energy","Gross electricity generation Main activity electricity only - Solar Photovoltaic","2",""
"2013","Romania","Gigawatt-hour","Electrical energy","Gross electricity generation Main activity electricity only - Solar Photovoltaic","305",""
"2014","Romania","Gigawatt-hour","Electrical energy","Gross electricity generation Main activity electricity only - Solar Photovoltaic","1,243",""
"2005","Slovenia","Gigawatt-hour","Electrical energy","Gross electricity generation Main activity electricity only - Solar Photovoltaic","0",""
"2006","Slovenia","Gigawatt-hour","Electrical energy","Gross electricity generation Main activity electricity only - Solar Photovoltaic","0",""
"2007","Slovenia","Gigawatt-hour","Electrical energy","Gross electricity generation Main activity electricity only - Solar Photovoltaic","0",""
"2008","Slovenia","Gigawatt-hour","Electrical energy","Gross electricity generation Main activity electricity only - Solar Photovoltaic","1",""
"2009","Slovenia","Gigawatt-hour","Electrical energy","Gross electricity generation Main activity electricity only - Solar Photovoltaic","1",""
"2010","Slovenia","Gigawatt-hour","Electrical energy","Gross electricity generation Main activity electricity only - Solar Photovoltaic","1",""
"2011","Slovenia","Gigawatt-hour","Electrical energy","Gross electricity generation Main activity electricity only - Solar Photovoltaic","2",""
"2012","Slovenia","Gigawatt-hour","Electrical energy","Gross electricity generation Main activity electricity only - Solar Photovoltaic","6",""
"2013","Slovenia","Gigawatt-hour","Electrical energy","Gross electricity generation Main activity electricity only - Solar Photovoltaic","6",""
"2014","Slovenia","Gigawatt-hour","Electrical energy","Gross electricity generation Main activity electricity only - Solar Photovoltaic","7",""
"2005","Slovakia","Gigawatt-hour","Electrical energy","Gross electricity generation Main activity electricity only - Solar Photovoltaic","0",""
"2006","Slovakia","Gigawatt-hour","Electrical energy","Gross electricity generation Main activity electricity only - Solar Photovoltaic","0",""
"2007","Slovakia","Gigawatt-hour","Electrical energy","Gross electricity generation Main activity electricity only - Solar Photovoltaic","0",""
"2008","Slovakia","Gigawatt-hour","Electrical energy","Gross electricity generation Main activity electricity only - Solar Photovoltaic","0",""
"2009","Slovakia","Gigawatt-hour","Electrical energy","Gross electricity generation Main activity electricity only - Solar Photovoltaic","0",""
"2010","Slovakia","Gigawatt-hour","Electrical energy","Gross electricity generation Main activity electricity only - Solar Photovoltaic","2",""
"2011","Slovakia","Gigawatt-hour","Electrical energy","Gross electricity generation Main activity electricity only - Solar Photovoltaic","85",""
"2012","Slovakia","Gigawatt-hour","Electrical energy","Gross electricity generation Main activity electricity only - Solar Photovoltaic","90",""
"2013","Slovakia","Gigawatt-hour","Electrical energy","Gross electricity generation Main activity electricity only - Solar Photovoltaic","124",""
"2014","Slovakia","Gigawatt-hour","Electrical energy","Gross electricity generation Main activity electricity only - Solar Photovoltaic","114",""
"2005","Finland","Gigawatt-hour","Electrical energy","Gross electricity generation Main activity electricity only - Solar Photovoltaic","0",""
"2006","Finland","Gigawatt-hour","Electrical energy","Gross electricity generation Main activity electricity only - Solar Photovoltaic","0",""
"2007","Finland","Gigawatt-hour","Electrical energy","Gross electricity generation Main activity electricity only - Solar Photovoltaic","0",""
"2008","Finland","Gigawatt-hour","Electrical energy","Gross electricity generation Main activity electricity only - Solar Photovoltaic","0",""
"2009","Finland","Gigawatt-hour","Electrical energy","Gross electricity generation Main activity electricity only - Solar Photovoltaic","0",""
"2010","Finland","Gigawatt-hour","Electrical energy","Gross electricity generation Main activity electricity only - Solar Photovoltaic","0",""
"2011","Finland","Gigawatt-hour","Electrical energy","Gross electricity generation Main activity electricity only - Solar Photovoltaic","0",""
"2012","Finland","Gigawatt-hour","Electrical energy","Gross electricity generation Main activity electricity only - Solar Photovoltaic","0",""
"2013","Finland","Gigawatt-hour","Electrical energy","Gross electricity generation Main activity electricity only - Solar Photovoltaic","0",""
"2014","Finland","Gigawatt-hour","Electrical energy","Gross electricity generation Main activity electricity only - Solar Photovoltaic","0",""
"2005","Sweden","Gigawatt-hour","Electrical energy","Gross electricity generation Main activity electricity only - Solar Photovoltaic","2",""
"2006","Sweden","Gigawatt-hour","Electrical energy","Gross electricity generation Main activity electricity only - Solar Photovoltaic","2",""
"2007","Sweden","Gigawatt-hour","Electrical energy","Gross electricity generation Main activity electricity only - Solar Photovoltaic","3",""
"2008","Sweden","Gigawatt-hour","Electrical energy","Gross electricity generation Main activity electricity only - Solar Photovoltaic","4",""
"2009","Sweden","Gigawatt-hour","Electrical energy","Gross electricity generation Main activity electricity only - Solar Photovoltaic","7",""
"2010","Sweden","Gigawatt-hour","Electrical energy","Gross electricity generation Main activity electricity only - Solar Photovoltaic","9",""
"2011","Sweden","Gigawatt-hour","Electrical energy","Gross electricity generation Main activity electricity only - Solar Photovoltaic","11",""
"2012","Sweden","Gigawatt-hour","Electrical energy","Gross electricity generation Main activity electricity only - Solar Photovoltaic","19",""
"2013","Sweden","Gigawatt-hour","Electrical energy","Gross electricity generation Main activity electricity only - Solar Photovoltaic","35",""
"2014","Sweden","Gigawatt-hour","Electrical energy","Gross electricity generation Main activity electricity only - Solar Photovoltaic","47",""
"2005","United Kingdom","Gigawatt-hour","Electrical energy","Gross electricity generation Main activity electricity only - Solar Photovoltaic","0",""
"2006","United Kingdom","Gigawatt-hour","Electrical energy","Gross electricity generation Main activity electricity only - Solar Photovoltaic","0",""
"2007","United Kingdom","Gigawatt-hour","Electrical energy","Gross electricity generation Main activity electricity only - Solar Photovoltaic","0",""
"2008","United Kingdom","Gigawatt-hour","Electrical energy","Gross electricity generation Main activity electricity only - Solar Photovoltaic","0",""
"2009","United Kingdom","Gigawatt-hour","Electrical energy","Gross electricity generation Main activity electricity only - Solar Photovoltaic","0",""
"2010","United Kingdom","Gigawatt-hour","Electrical energy","Gross electricity generation Main activity electricity only - Solar Photovoltaic","0",""
"2011","United Kingdom","Gigawatt-hour","Electrical energy","Gross electricity generation Main activity electricity only - Solar Photovoltaic","0",""
"2012","United Kingdom","Gigawatt-hour","Electrical energy","Gross electricity generation Main activity electricity only - Solar Photovoltaic","0",""
"2013","United Kingdom","Gigawatt-hour","Electrical energy","Gross electricity generation Main activity electricity only - Solar Photovoltaic","0",""
"2014","United Kingdom","Gigawatt-hour","Electrical energy","Gross electricity generation Main activity electricity only - Solar Photovoltaic","0",""
"2005","Iceland","Gigawatt-hour","Electrical energy","Gross electricity generation Main activity electricity only - Solar Photovoltaic","0",""
"2006","Iceland","Gigawatt-hour","Electrical energy","Gross electricity generation Main activity electricity only - Solar Photovoltaic","0",""
"2007","Iceland","Gigawatt-hour","Electrical energy","Gross electricity generation Main activity electricity only - Solar Photovoltaic","0",""
"2008","Iceland","Gigawatt-hour","Electrical energy","Gross electricity generation Main activity electricity only - Solar Photovoltaic","0",""
"2009","Iceland","Gigawatt-hour","Electrical energy","Gross electricity generation Main activity electricity only - Solar Photovoltaic","0",""
"2010","Iceland","Gigawatt-hour","Electrical energy","Gross electricity generation Main activity electricity only - Solar Photovoltaic","0",""
"2011","Iceland","Gigawatt-hour","Electrical energy","Gross electricity generation Main activity electricity only - Solar Photovoltaic","0",""
"2012","Iceland","Gigawatt-hour","Electrical energy","Gross electricity generation Main activity electricity only - Solar Photovoltaic","0",""
"2013","Iceland","Gigawatt-hour","Electrical energy","Gross electricity generation Main activity electricity only - Solar Photovoltaic","0",""
"2014","Iceland","Gigawatt-hour","Electrical energy","Gross electricity generation Main activity electricity only - Solar Photovoltaic","0",""
"2005","Norway","Gigawatt-hour","Electrical energy","Gross electricity generation Main activity electricity only - Solar Photovoltaic","0",""
"2006","Norway","Gigawatt-hour","Electrical energy","Gross electricity generation Main activity electricity only - Solar Photovoltaic","0",""
"2007","Norway","Gigawatt-hour","Electrical energy","Gross electricity generation Main activity electricity only - Solar Photovoltaic","0",""
"2008","Norway","Gigawatt-hour","Electrical energy","Gross electricity generation Main activity electricity only - Solar Photovoltaic","0",""
"2009","Norway","Gigawatt-hour","Electrical energy","Gross electricity generation Main activity electricity only - Solar Photovoltaic","0",""
"2010","Norway","Gigawatt-hour","Electrical energy","Gross electricity generation Main activity electricity only - Solar Photovoltaic","0",""
"2011","Norway","Gigawatt-hour","Electrical energy","Gross electricity generation Main activity electricity only - Solar Photovoltaic","0",""
"2012","Norway","Gigawatt-hour","Electrical energy","Gross electricity generation Main activity electricity only - Solar Photovoltaic","0",""
"2013","Norway","Gigawatt-hour","Electrical energy","Gross electricity generation Main activity electricity only - Solar Photovoltaic","0",""
"2014","Norway","Gigawatt-hour","Electrical energy","Gross electricity generation Main activity electricity only - Solar Photovoltaic","0",""
"2005","Montenegro","Gigawatt-hour","Electrical energy","Gross electricity generation Main activity electricity only - Solar Photovoltaic","0",""
"2006","Montenegro","Gigawatt-hour","Electrical energy","Gross electricity generation Main activity electricity only - Solar Photovoltaic","0",""
"2007","Montenegro","Gigawatt-hour","Electrical energy","Gross electricity generation Main activity electricity only - Solar Photovoltaic","0",""
"2008","Montenegro","Gigawatt-hour","Electrical energy","Gross electricity generation Main activity electricity only - Solar Photovoltaic","0",""
"2009","Montenegro","Gigawatt-hour","Electrical energy","Gross electricity generation Main activity electricity only - Solar Photovoltaic","0",""
"2010","Montenegro","Gigawatt-hour","Electrical energy","Gross electricity generation Main activity electricity only - Solar Photovoltaic","0",""
"2011","Montenegro","Gigawatt-hour","Electrical energy","Gross electricity generation Main activity electricity only - Solar Photovoltaic","0",""
"2012","Montenegro","Gigawatt-hour","Electrical energy","Gross electricity generation Main activity electricity only - Solar Photovoltaic","0",""
"2013","Montenegro","Gigawatt-hour","Electrical energy","Gross electricity generation Main activity electricity only - Solar Photovoltaic","0",""
"2014","Montenegro","Gigawatt-hour","Electrical energy","Gross electricity generation Main activity electricity only - Solar Photovoltaic","0",""
"2005","Former Yugoslav Republic of Macedonia, the","Gigawatt-hour","Electrical energy","Gross electricity generation Main activity electricity only - Solar Photovoltaic","0",""
"2006","Former Yugoslav Republic of Macedonia, the","Gigawatt-hour","Electrical energy","Gross electricity generation Main activity electricity only - Solar Photovoltaic","0",""
"2007","Former Yugoslav Republic of Macedonia, the","Gigawatt-hour","Electrical energy","Gross electricity generation Main activity electricity only - Solar Photovoltaic","0",""
"2008","Former Yugoslav Republic of Macedonia, the","Gigawatt-hour","Electrical energy","Gross electricity generation Main activity electricity only - Solar Photovoltaic","0",""
"2009","Former Yugoslav Republic of Macedonia, the","Gigawatt-hour","Electrical energy","Gross electricity generation Main activity electricity only - Solar Photovoltaic","0",""
"2010","Former Yugoslav Republic of Macedonia, the","Gigawatt-hour","Electrical energy","Gross electricity generation Main activity electricity only - Solar Photovoltaic","0",""
"2011","Former Yugoslav Republic of Macedonia, the","Gigawatt-hour","Electrical energy","Gross electricity generation Main activity electricity only - Solar Photovoltaic","1",""
"2012","Former Yugoslav Republic of Macedonia, the","Gigawatt-hour","Electrical energy","Gross electricity generation Main activity electricity only - Solar Photovoltaic","3",""
"2013","Former Yugoslav Republic of Macedonia, the","Gigawatt-hour","Electrical energy","Gross electricity generation Main activity electricity only - Solar Photovoltaic","9",""
"2014","Former Yugoslav Republic of Macedonia, the","Gigawatt-hour","Electrical energy","Gross electricity generation Main activity electricity only - Solar Photovoltaic","14",""
"2005","Albania","Gigawatt-hour","Electrical energy","Gross electricity generation Main activity electricity only - Solar Photovoltaic","0",""
"2006","Albania","Gigawatt-hour","Electrical energy","Gross electricity generation Main activity electricity only - Solar Photovoltaic","0",""
"2007","Albania","Gigawatt-hour","Electrical energy","Gross electricity generation Main activity electricity only - Solar Photovoltaic","0",""
"2008","Albania","Gigawatt-hour","Electrical energy","Gross electricity generation Main activity electricity only - Solar Photovoltaic","0",""
"2009","Albania","Gigawatt-hour","Electrical energy","Gross electricity generation Main activity electricity only - Solar Photovoltaic","0",""
"2010","Albania","Gigawatt-hour","Electrical energy","Gross electricity generation Main activity electricity only - Solar Photovoltaic","0",""
"2011","Albania","Gigawatt-hour","Electrical energy","Gross electricity generation Main activity electricity only - Solar Photovoltaic","0",""
"2012","Albania","Gigawatt-hour","Electrical energy","Gross electricity generation Main activity electricity only - Solar Photovoltaic","0",""
"2013","Albania","Gigawatt-hour","Electrical energy","Gross electricity generation Main activity electricity only - Solar Photovoltaic","0",""
"2014","Albania","Gigawatt-hour","Electrical energy","Gross electricity generation Main activity electricity only - Solar Photovoltaic","0",""
"2005","Serbia","Gigawatt-hour","Electrical energy","Gross electricity generation Main activity electricity only - Solar Photovoltaic","0",""
"2006","Serbia","Gigawatt-hour","Electrical energy","Gross electricity generation Main activity electricity only - Solar Photovoltaic","0",""
"2007","Serbia","Gigawatt-hour","Electrical energy","Gross electricity generation Main activity electricity only - Solar Photovoltaic","0",""
"2008","Serbia","Gigawatt-hour","Electrical energy","Gross electricity generation Main activity electricity only - Solar Photovoltaic","0",""
"2009","Serbia","Gigawatt-hour","Electrical energy","Gross electricity generation Main activity electricity only - Solar Photovoltaic","0",""
"2010","Serbia","Gigawatt-hour","Electrical energy","Gross electricity generation Main activity electricity only - Solar Photovoltaic","0",""
"2011","Serbia","Gigawatt-hour","Electrical energy","Gross electricity generation Main activity electricity only - Solar Photovoltaic","0",""
"2012","Serbia","Gigawatt-hour","Electrical energy","Gross electricity generation Main activity electricity only - Solar Photovoltaic","0",""
"2013","Serbia","Gigawatt-hour","Electrical energy","Gross electricity generation Main activity electricity only - Solar Photovoltaic","0",""
"2014","Serbia","Gigawatt-hour","Electrical energy","Gross electricity generation Main activity electricity only - Solar Photovoltaic","6",""
"2005","Turkey","Gigawatt-hour","Electrical energy","Gross electricity generation Main activity electricity only - Solar Photovoltaic","0",""
"2006","Turkey","Gigawatt-hour","Electrical energy","Gross electricity generation Main activity electricity only - Solar Photovoltaic","0",""
"2007","Turkey","Gigawatt-hour","Electrical energy","Gross electricity generation Main activity electricity only - Solar Photovoltaic","0",""
"2008","Turkey","Gigawatt-hour","Electrical energy","Gross electricity generation Main activity electricity only - Solar Photovoltaic","0",""
"2009","Turkey","Gigawatt-hour","Electrical energy","Gross electricity generation Main activity electricity only - Solar Photovoltaic","0",""
"2010","Turkey","Gigawatt-hour","Electrical energy","Gross electricity generation Main activity electricity only - Solar Photovoltaic","0",""
"2011","Turkey","Gigawatt-hour","Electrical energy","Gross electricity generation Main activity electricity only - Solar Photovoltaic","0",""
"2012","Turkey","Gigawatt-hour","Electrical energy","Gross electricity generation Main activity electricity only - Solar Photovoltaic","0",""
"2013","Turkey","Gigawatt-hour","Electrical energy","Gross electricity generation Main activity electricity only - Solar Photovoltaic","0",""
"2014","Turkey","Gigawatt-hour","Electrical energy","Gross electricity generation Main activity electricity only - Solar Photovoltaic","17",""
"2005","Bosnia and Herzegovina","Gigawatt-hour","Electrical energy","Gross electricity generation Main activity electricity only - Solar Photovoltaic","0",""
"2006","Bosnia and Herzegovina","Gigawatt-hour","Electrical energy","Gross electricity generation Main activity electricity only - Solar Photovoltaic","0",""
"2007","Bosnia and Herzegovina","Gigawatt-hour","Electrical energy","Gross electricity generation Main activity electricity only - Solar Photovoltaic","0",""
"2008","Bosnia and Herzegovina","Gigawatt-hour","Electrical energy","Gross electricity generation Main activity electricity only - Solar Photovoltaic","0",""
"2009","Bosnia and Herzegovina","Gigawatt-hour","Electrical energy","Gross electricity generation Main activity electricity only - Solar Photovoltaic","0",""
"2010","Bosnia and Herzegovina","Gigawatt-hour","Electrical energy","Gross electricity generation Main activity electricity only - Solar Photovoltaic","0",""
"2011","Bosnia and Herzegovina","Gigawatt-hour","Electrical energy","Gross electricity generation Main activity electricity only - Solar Photovoltaic","0",""
"2012","Bosnia and Herzegovina","Gigawatt-hour","Electrical energy","Gross electricity generation Main activity electricity only - Solar Photovoltaic","0",""
"2013","Bosnia and Herzegovina","Gigawatt-hour","Electrical energy","Gross electricity generation Main activity electricity only - Solar Photovoltaic","0",""
"2014","Bosnia and Herzegovina","Gigawatt-hour","Electrical energy","Gross electricity generation Main activity electricity only - Solar Photovoltaic","0",""
"2005","Kosovo (under United Nations Security Council Resolution 1244/99)","Gigawatt-hour","Electrical energy","Gross electricity generation Main activity electricity only - Solar Photovoltaic","0",""
"2006","Kosovo (under United Nations Security Council Resolution 1244/99)","Gigawatt-hour","Electrical energy","Gross electricity generation Main activity electricity only - Solar Photovoltaic","0",""
"2007","Kosovo (under United Nations Security Council Resolution 1244/99)","Gigawatt-hour","Electrical energy","Gross electricity generation Main activity electricity only - Solar Photovoltaic","0",""
"2008","Kosovo (under United Nations Security Council Resolution 1244/99)","Gigawatt-hour","Electrical energy","Gross electricity generation Main activity electricity only - Solar Photovoltaic","0",""
"2009","Kosovo (under United Nations Security Council Resolution 1244/99)","Gigawatt-hour","Electrical energy","Gross electricity generation Main activity electricity only - Solar Photovoltaic","0",""
"2010","Kosovo (under United Nations Security Council Resolution 1244/99)","Gigawatt-hour","Electrical energy","Gross electricity generation Main activity electricity only - Solar Photovoltaic","0",""
"2011","Kosovo (under United Nations Security Council Resolution 1244/99)","Gigawatt-hour","Electrical energy","Gross electricity generation Main activity electricity only - Solar Photovoltaic","0",""
"2012","Kosovo (under United Nations Security Council Resolution 1244/99)","Gigawatt-hour","Electrical energy","Gross electricity generation Main activity electricity only - Solar Photovoltaic","0",""
"2013","Kosovo (under United Nations Security Council Resolution 1244/99)","Gigawatt-hour","Electrical energy","Gross electricity generation Main activity electricity only - Solar Photovoltaic","0",""
"2014","Kosovo (under United Nations Security Council Resolution 1244/99)","Gigawatt-hour","Electrical energy","Gross electricity generation Main activity electricity only - Solar Photovoltaic","0",""
"2005","Moldova","Gigawatt-hour","Electrical energy","Gross electricity generation Main activity electricity only - Solar Photovoltaic","0",""
"2006","Moldova","Gigawatt-hour","Electrical energy","Gross electricity generation Main activity electricity only - Solar Photovoltaic","0",""
"2007","Moldova","Gigawatt-hour","Electrical energy","Gross electricity generation Main activity electricity only - Solar Photovoltaic","0",""
"2008","Moldova","Gigawatt-hour","Electrical energy","Gross electricity generation Main activity electricity only - Solar Photovoltaic","0",""
"2009","Moldova","Gigawatt-hour","Electrical energy","Gross electricity generation Main activity electricity only - Solar Photovoltaic","0",""
"2010","Moldova","Gigawatt-hour","Electrical energy","Gross electricity generation Main activity electricity only - Solar Photovoltaic","0",""
"2011","Moldova","Gigawatt-hour","Electrical energy","Gross electricity generation Main activity electricity only - Solar Photovoltaic","0",""
"2012","Moldova","Gigawatt-hour","Electrical energy","Gross electricity generation Main activity electricity only - Solar Photovoltaic","0",""
"2013","Moldova","Gigawatt-hour","Electrical energy","Gross electricity generation Main activity electricity only - Solar Photovoltaic","0",""
"2014","Moldova","Gigawatt-hour","Electrical energy","Gross electricity generation Main activity electricity only - Solar Photovoltaic","0",""
"2005","Ukraine","Gigawatt-hour","Electrical energy","Gross electricity generation Main activity electricity only - Solar Photovoltaic","0",""
"2006","Ukraine","Gigawatt-hour","Electrical energy","Gross electricity generation Main activity electricity only - Solar Photovoltaic","0",""
"2007","Ukraine","Gigawatt-hour","Electrical energy","Gross electricity generation Main activity electricity only - Solar Photovoltaic","0",""
"2008","Ukraine","Gigawatt-hour","Electrical energy","Gross electricity generation Main activity electricity only - Solar Photovoltaic","0",""
"2009","Ukraine","Gigawatt-hour","Electrical energy","Gross electricity generation Main activity electricity only - Solar Photovoltaic","0",""
"2010","Ukraine","Gigawatt-hour","Electrical energy","Gross electricity generation Main activity electricity only - Solar Photovoltaic","1",""
"2011","Ukraine","Gigawatt-hour","Electrical energy","Gross electricity generation Main activity electricity only - Solar Photovoltaic","30",""
"2012","Ukraine","Gigawatt-hour","Electrical energy","Gross electricity generation Main activity electricity only - Solar Photovoltaic","333",""
"2013","Ukraine","Gigawatt-hour","Electrical energy","Gross electricity generation Main activity electricity only - Solar Photovoltaic","569",""
"2014","Ukraine","Gigawatt-hour","Electrical energy","Gross electricity generation Main activity electricity only - Solar Photovoltaic","426",""
